Nom,Adresse,Label
Chateau de Montsegur,  Montsegur 09300 Montségur France ,Châteaux
Mirepoix Cathedral,  Rue Marechal Clauzel 09500 Mirepoix France ,Églises et cathédrales
La Maison des Loups,  Les Forges 09110  Orlu France ,Espaces naturels et sauvages
Grotte du Mas d'Azil,  Ariege 09290 Le Mas-d'Azil France ,Grottes et cavernes
Grottes de Niaux,  Tarascon-sur-Ariège France ,Grottes et cavernes
Grotte du Mas d'Azil,  Ariege 09290 Le Mas-d'Azil France ,Monuments et sites remarquables
Les Forges de Pyrene,  Foix France (Anciennement Musée des Vieux Métiers d’Autrefois Montgailhard),Musées
Les Forges de Pyrene,  Route de Paris 09330 Montgaillard France ,Musées
La Maison des Loups,  Les Forges 09110  Orlu France ,Nature et parcs
Grottes de Niaux,  Tarascon-sur-Ariège France ,Nature et parcs
Grotte du Mas d'Azil,  Ariege 09290 Le Mas-d'Azil France ,Nature et parcs
Grotte du Mas d'Azil,  Ariege 09290 Le Mas-d'Azil France ,Plans d'eau
Chateau de Montsegur,  Montsegur 09300 Montségur France ,Sites et monuments
Mirepoix Cathedral,  Rue Marechal Clauzel 09500 Mirepoix France ,Sites et monuments
Grotte du Mas d'Azil,  Ariege 09290 Le Mas-d'Azil France ,Sites et monuments
